"Multispecies","Photos.begin","Photos.end","Mpala.North","Notes","Latitude","Longitude","Year","Month","Day","Hour","Minute","Space","Equus","Species.binomial","alive","Space.1","Adult","Activity","Grass.height","Grass.color","Grass.spp.1","Grass.spp.2","Grass.spp.3","Bush.type","Space.2","Other.species.1","Other.species.2","Other.species.3","Rain","Sun","Wind","Space.3","Space.4","Total.zebras","Number.grasses","Space.5","Space.6","Space.7","Number.grazing","Space.8","Number.standing","Number.walking","Space.9","Number.drinking","Space.10","Space.11","Space.12","Number.resting","Space.13","Space.14","Whitesheet.Filename"
"0","","","Mpala.North","No photos","0.462613257","36.84806615","2021","6","4","13","15","","Equus","quagga","alive","","Adult","Standing","< hock","brown with some green","Pennisetum stramineum","Pennisetum mezzianum","Cenchrus ciliaris","light","","","","","no rain","full","no wind","","","14","4","","","","","","14","","","","","","","","","","DSCN2512"
"","","","Mpala.North","","0.498814734","36.85239056","2021","6","9","11","1","","Equus","Cattle","alive","","Adult","Standing","< hoof","brown with some green","Cynodon plectostachyus","Digitaria macroblefara","Cenchrus ciliaris","light","","","","","no rain","full","medium","","","350","4","","","","","","350","","","","","","","","","","DSCN6199"
"","","","Mpala.North","","0.481462847","36.84472529","2021","6","9","1","13","","Equus","Cattle","alive","","Adult","Grazing","< hock","green","Pennisetum stramineum","Pennisetum mezzianum","Cynodon plectostachyus","light","","Oryx"," Impala","","no rain","full","medium","","","","4","","","","","","","","","","","","","","","","DSCN6199"
"","","","Mpala.North","","0.490301121","36.85837738","2021","6","10","10","55","","Equus","Cattle","alive","","Adult","Walking","< hoof","brown with some green","Cynodon plectostachyus","Cynodon dactylon","Enteropogon macrostachyus","medium","","Oryx"," Impala","","no rain","full","light","","","200","4","","","","","","","200","","","","","","","","","DSCN6458"
"","","","Mpala.North","","0.497184191","36.84358289","2021","6","11","11","20","","Equus","Cattle","alive","","Adult","Grazing","< hoof","green with some brown","Cynodon nlemfuensis","Cynodon dactylon","Pennisetum stramineum","medium","","","","","no rain","full","light","","","240","3","","","","240","","","","","","","","","","","","DSCN6468"
"","","","Mpala.North","","0.476963095","36.85777227","2021","6","12","9","30","","Equus","Cattle","alive","","Adult","Grazing","< hoof","brown with some green","Eragrostis tenuifolia","Pennisetum stramineum","Themeda triandra","light","","","","","no rain","full","no wind","","","200","3","","","","200","","","","","","","","","","","","DSCN6473"
"","","","Mpala.North","","0.499879586","36.84572777","2021","6","12","10","6","","Equus","Cattle","alive","","Adult","Grazing","< hoof","brown","Pennisetum stramineum","Chloris roxburghiana","Cenchrus ciliaris","light","","","","","no rain","part","no wind","","","239","4","","","","239","","","","","","","","","","","","DSCN6475"
"","","","Mpala.North","Rongai Area","0.455600409","36.8317498","2021","6","12","10","29","","Equus","Cattle","alive","","Adult","Grazing","< hock","brown with some green","Pennisetum mezzianum","Cynodon plectostachyus","Pennisetum stramineum","medium","","","","","no rain","full","light","","","250","4","","","","250","","","","","","","","","","","","DSCN3247"
"","","","Mpala.North","Rongai Area","0.465873341","36.83619868","2021","6","12","11","26","","Equus","Cattle","alive","","Adult","Grazing","< belly","brown with some green","Bothriochloa insculpta","Eragrostis tenuifolia","Cynodon plectostachyus","medium","","","","","no rain","full","light","","","80","4","","","","80","","","","","","","","","","","","DSCN3247"
"","","","Mpala.North","","0.501133379","36.84777045","2021","6","14","11","27","","Equus","Cattle","alive","","Adult","Grazing","< hoof","brown with some green","Cynodon nlemfuensis","Cynodon plectostachyus","","open grassland","","","","","no rain","full","light","","","160","2","","","","160","","","","","","","","","","","","DSCN3241"
"","","","Mpala.North","","0.477660938","36.85950232","2021","6","15","9","30","","Equus","Cattle","alive","","Adult","Grazing","< hock","green with some brown","Cynodon dactylon","Cynodon plectostachyus","Chloris roxburghiana","light","","","","","no rain","full","light","","","300","4","","","","300","","","","","","","","","","","","DSCN6973"
"","","","Mpala.North","","0.485785825","36.84534865","2021","6","15","10","39","","Equus","Cattle","alive","","Adult","Grazing","< hock","brown with some green","Cynodon plectostachyus","Pennisetum stramineum","Digitaria macroblefara","medium","","","","","no rain","full","medium","","","220","4","","","","220","","","","","","","","","","","","DSCN6974"
"","","","Mpala.North","","0.500134224","36.85173496","2021","6","16","12","13","","Equus","Cattle","alive","","Adult","Grazing","< hoof","brown","Cynodon plectostachyus","Chloris roxburghiana","Eragrostis tenuifolia","light","","","","","no rain","part","no wind","","","150","3","","","","150","","","","","","","","","","","","DSCN7378"
"","","","Mpala.North","","0.502111389","36.85056664","2021","6","16","12","17","","Equus","Cattle","alive","","Adult","Drinking","< hoof","brown with some green","Cynodon dactylon","Cynodon plectostachyus","Enteropogon macrostachyus","light","","","","","no rain","full","light","","","150","4","","","","","","","","","150","","","","","","","DSCN7379"
"","","","Mpala.North","","0.494742247","36.84913502","2021","6","16","12","57","","Equus","Cattle","alive","","Adult","Walking","< hoof","brown","Cynodon plectostachyus","Eragrostis tenuifolia","Chloris roxburghiana","light","","","","","no rain","part","no wind","","","200","4","","","","","","","200","","","","","","","","","DSCN7380"
"","","","Mpala.North","","0.489298872","36.84842902","2021","6","16","13","3","","Equus","Cam","alive","","Adult","Standing","< hoof","brown","Cyperus teneristolon","Cynodon plectostachyus","Chloris virgata","light","","","","","no rain","part","no wind","","","","4","","","","","","","","","","","","","","","","DSCN7380"
"","","","Mpala.North","","0.485345348","36.85832857","2021","6","17","11","0","","Equus","Cattle","alive","","Adult","Grazing","< hoof","green with some brown","Cynodon plectostachyus","Cynodon nlemfuensis","Pennisetum stramineum","medium","","","","","no rain","full","light","","","","4","","","","","","","","","","","","","","","","DSCN7997"
"","","","Mpala.North","","0.49890006","36.85149937","2021","6","17","12","40","","Equus","Cattle","alive","","Adult","Resting","< hoof","brown","Cynodon plectostachyus","Cynodon nlemfuensis","Pennisetum stramineum","medium","","","","","no rain","full","light","","","162","3","","","","","","","","","","","","","162","","","DSCN7998"
"","","","Mpala.North","","0.49842216","36.84550815","2021","6","17","13","8","","Equus","Cattle","alive","","Adult","Grazing","< hoof","brown with some green","Pennisetum stramineum","Pennisetum mezzianum","Cynodon plectostachyus","medium","","","","","no rain","full","light","","","240","3","","","","240","","","","","","","","","","","","DSCN7998"
"","","","Mpala.North","","0.468435333","36.85156982","2021","6","18","11","4","","Equus","Cattle","alive","","Adult","Grazing","< hock","brown","Pennisetum mezzianum","Pennisetum stramineum","Cynodon plectostachyus","medium","","","","","no rain","full","light","","","240","4","","","","240","","","","","","","","","","","","DSCN7109"
"","","","Mpala.North","","0.486811836","36.8604694","2021","6","18","10","29","","Equus","Cattle","alive","","Adult","Grazing","< hock","brown","Cynodon plectostachyus","Microchloa kunthii","Pennisetum stramineum","light","","","","","no rain","full","no wind","","","200","4","","","","200","","","","","","","","","","","","DSCN7111"
"","","","Mpala.North","","0.500591593","36.84561668","2021","6","18","10","52","","Equus","Cattle","alive","","Adult","Grazing","< hoof","brown","Microchloa kunthii","Cynodon plectostachyus","Cyperus rubicundus","light","","Oryx","","","no rain","full","light","","","300","4","","","","300","","","","","","","","","","","","DSCN7112"
"","","","Mpala.North","","0.481442805","36.84456876","2021","6","18","11","21","","Equus","Cattle","alive","","Adult","Walking","< hoof","brown","Chloris virgata","Pennisetum stramineum","Cynodon dactylon","light","","","","","no rain","full","no wind","","","300","4","","","","","","","300","","","","","","","","","DSCN7113"
"","","","Mpala.North","","0.472066786","36.85210161","2021","6","18","11","27","","Equus","Cattle","alive","","Adult","Walking","< hoof","brown","Pennisetum stramineum","Pennisetum mezzianum","Enteropogon macrostachyus","light","","","","","no rain","full","no wind","","","100","4","","","","","","","100","","","","","","","","","DSCN7113"
"","","","Mpala.North","","0.462287155","36.84102734","2021","6","21","10","30","","Equus","Cattle","alive","","Adult","Grazing","< hoof","brown","Pennisetum stramineum","Eragrostis tenuifolia","Enteropogon macrostachyus","light","","","","","no rain","no sun","no wind","","","100","4","","","","100","","","","","","","","","","","","DSCN3627"
"","","","Mpala.North","","0.468119882","36.85876544","2021","6","21","10","2","","Equus","Cattle","alive","","Adult","Grazing","< hoof","green with some brown","Cynodon plectostachyus","Cynodon nlemfuensis","Pennisetum stramineum","medium","","","","","no rain","no sun","light","","","120","3","","","","120","","","","","","","","","","","","DSCN7107"
"","","","Mpala.North","","0.487642345","36.86004173","2021","6","21","10","34","","Equus","Cattle","alive","","Adult","Grazing","< hoof","brown","Cynodon nlemfuensis","Cyperus rubicundus","Pennisetum mezzianum","light","","","","","no rain","full","light","","","162","3","","","","162","","","","","","","","","","","","DSCN7108"
"","","","Mpala.North","","0.487708951","36.84743209","2021","6","21","11","29","","Equus","Cattle","alive","","Adult","Grazing","< hoof","brown","Cynodon plectostachyus","Cynodon nlemfuensis","Pennisetum mezzianum","light","","","","","no rain","full","light","","","220","3","","","","220","","","","","","","","","","","","DSCN7108"
"0","1454","1477","Mpala.North","","0.468911959","36.85907079","2021","6","3","10","20","","Equus","quagga","alive","","Adult","Standing","< hock","green with some brown","Cynodon plectostachyus","Cynodon nlemfuensis","Pennisetum mezzianum","light","","","","","no rain","full","light","","","12","4","","","","","","12","","","","","","","","","","DSCN2513"
"0","1478","1527","Mpala.North","Outside study area","0.47077494","36.85956264","2021","6","3","10","25","","Equus","grevyi","alive","","Adult","Walking","< hock","green with some brown","Chloris roxburghiana","Cynodon plectostachyus","Enteropogon macrostachyus","light","","Elephant","","","no rain","full","light","","","14","4","","","","","","","14","","","","","","","","","DSCN2513"
"1","1528","1566","Mpala.North","","0.472146249","36.85981476","2021","6","3","10","46","","Equus","quagga","alive","","Adult","Grazing","< hoof","green with some brown","Cynodon nlemfuensis","Digitaria macroblefara","Pennisetum stramineum","light","","Impala","","","","full","light","","","23","4","","","","23","","","","","","","","","","","","DSCN2513"
"1","1567","1566","Mpala.North","","0.472146249","36.85981476","2021","6","3","10","46","","Equus","grevyi","alive","","Adult","Grazing","< hoof","green with some brown","Cynodon nlemfuensis","Digitaria macroblefara","Pennisetum stramineum","light","","Impala","","","","full","light","","","3","4","","","","3","","","","","","","","","","","","DSCN2513"
"1","1567","1602","Mpala.North","","0.476648303","36.85996747","2021","6","3","10","55","","Equus","quagga","alive","","Adult","Grazing","< hock","green with some brown","Cynodon plectostachyus","Pennisetum mezzianum","Pennisetum stramineum","light","","Impala","","","no rain","full","light","","","10","4","","","","10","","","","","","","","","","","","DSCN2514"
"1","1567","1602","Mpala.North","","0.476648303","36.85996747","2021","6","3","10","55","","Equus","grevyi","alive","","Adult","Grazing","< hock","green with some brown","Cynodon plectostachyus","Pennisetum mezzianum","Pennisetum stramineum","light","","Impala","","","no rain","full","light","","","7","4","","","","7","","","","","","","","","","","","DSCN2514"
"0","1603","1624","Mpala.North","","0.478243289","36.8614674","2021","6","3","11","3","","Equus","quagga","alive","","Adult","Grazing","< hock","brown with some green","Cynodon nlemfuensis","Cynodon plectostachyus","Enteropogon macrostachyus","light","","Giraffe","","","no rain","full","light","","","12","4","","","","12","","","","","","","","","","","","DSCN2514"
"0","1625","1697","Mpala.North","Photos up to 1741, see sheet for additional info","0.470072435","36.86202857","2021","6","3","11","16","","Equus","quagga","alive","","Adult","Walking","< hoof","brown with some green","Cynodon plectostachyus","Cynodon nlemfuensis","Pennisetum stramineum","open grassland","","Eland"," Giraffe","","no rain","full","light","","","33","4","","","","","","","33","","","","","","","","","DSCN2514"
"0","1698","1787","Mpala.North","","0.478855584","36.86247627","2021","6","3","11","26","","Equus","grevyi","alive","","Adult","Grazing","< hoof","green","Digitaria macroblefara","Pennisetum mezzianum","Pennisetum stramineum","medium","","","","","no rain","full","light","","","17","4","","","","17","","","","","","","","","","","","DSCN2515"
"0","1788","1816","Mpala.North","","0.04600112","36.85658199","2021","6","3","11","37","","Equus","grevyi","alive","","Adult","Walking","< hoof","brown with some green","Cynodon plectostachyus","Pennisetum mezzianum","Cynodon nlemfuensis","light","","Eland"," Impala","","no rain","full","light","","","5","4","","","","","","","5","","","","","","","","","DSCN2515"
"0","1817","1820","Mpala.North","","0.50163067","36.85006329","2021","6","3","11","48","","Equus","grevyi","alive","","Adult","Standing","< hock","green with some brown","Cynodon plectostachyus","Pennisetum mezzianum","Pennisetum stramineum","medium","","Elephant","","","no rain","full","light","","","1","4","","","","","","1","","","","","","","","","","DSCN2515"
"0","1821","1891","Mpala.North","","0.497019943","36.83998142","2021","6","3","11","58","","Equus","grevyi","alive","","Adult","Grazing","< hock","green with some brown","Cenchrus ciliaris","Enteropogon macrostachyus","Chloris roxburghiana","light","","Impala","","","no rain","full","light","","","20","4","","","","20","","","","","","","","","","","","DSCN2516"
"0","1892","1959","Mpala.North","","0.47880626","36.84758671","2021","6","3","13","2","","Equus","quagga","alive","","Adult","Grazing","< hock","green with some brown","Cynodon nlemfuensis","Pennisetum mezzianum","Enteropogon macrostachyus","light","","Elephant","","","no rain","full","light","","","20","4","","","","20","","","","","","","","","","","","DSCN2516"
"1","1960","2003","Mpala.North","","0.481024214","36.8440771","2021","6","3","13","14","","Equus","quagga","alive","","Adult","Drinking","< hoof","green with some brown","Cynodon dactylon","Pennisetum mezzianum","Pennisetum stramineum","light","","Impala","","","no rain","full","light","","","36","4","","","","","","","","","36","","","","","","","DSCN2516"
"1","1960","2003","Mpala.North","","0.481024214","36.8440771","2021","6","3","13","14","","Equus","grevyi","alive","","Adult","Drinking","< hoof","green with some brown","Cynodon dactylon","Pennisetum mezzianum","Pennisetum stramineum","light","","Impala","","","no rain","full","light","","","8","4","","","","","","","","","8","","","","","","","DSCN2516"
"0","2004","2017","Mpala.North","","0.483220847","36.8394061","2021","6","3","13","22","","Equus","grevyi","alive","","Adult","Grazing","< belly","green with some brown","Cenchrus ciliaris","Pennisetum mezzianum","Cynodon nlemfuensis","light","","Giraffe","","","no rain","full","light","","","4","4","","","","4","","","","","","","","","","","","DSCN2517"
"0","2018","2022","Mpala.North","","0.48578593","36.83735492","2021","6","3","13","28","","Equus","grevyi","alive","","Adult","Grazing","< belly","green with some brown","Cenchrus ciliaris","Pennisetum mezzianum","Pennisetum stramineum","light","","","","","no rain","full","light","","","2","4","","","","2","","","","","","","","","","","","DSCN2517"
"0","2023","2044","Mpala.North","","0.501811998","36.85066333","2021","6","3","13","45","","Equus","grevyi","alive","","Adult","Drinking","< hock","green with some brown","Cynodon plectostachyus","Cynodon dactylon","Pennisetum mezzianum","medium","","","","","no rain","full","light","","","5","4","","","","","","","","","5","","","","","","","DSCN2517"
"0","2045","2048","Mpala.North","","0.474282615","36.84896837","2021","6","3","14","4","","Equus","grevyi","alive","","Adult","Walking","< hock","green","Cynodon plectostachyus","Cynodon nlemfuensis","Pennisetum mezzianum","light","","","","","no rain","full","light","","","6","4","","","","","","","6","","","","","","","","","DSCN2518"
"0","2053","2071","Mpala.North","","0.452792203","36.83933094","2021","6","4","10","25","","Equus","quagga","alive","","Adult","Grazing","< hock","brown with some green","Pennisetum mezzianum","Cynodon plectostachyus","Pennisetum stramineum","thick","","Giraffe","","","no rain","full","light","","","6","3","","","","6","","","","","","","","","","","","DSCN2507"
"0","2072","2126","Mpala.North","","0.477839068","36.82977621","2021","6","4","10","45","","Equus","grevyi","alive","","Adult","Grazing","< belly","brown with some green","Pennisetum stramineum","Pennisetum mezzianum","Cynodon plectostachyus","medium","","Cattle","","","no rain","full","light","","","10","4","","","","10","","","","","","","","","","","","DSCN2507"
"1","2127","2184","Mpala.North","","0.482575779","36.83464424","2021","6","4","11","2","","Equus","grevyi","alive","","Adult","Walking","< hock","brown with some green","Pennisetum stramineum","Enteropogon macrostachyus","Pennisetum mezzianum","light","","","","","no rain","full","light","","","8","4","","","","","","","8","","","","","","","","","DSCN2507"
"1","2127","2202","Mpala.North","","0.482575779","36.83464424","2021","6","4","11","2","","Equus","quagga","alive","","Adult","Walking","< hock","brown with some green","Pennisetum stramineum","Enteropogon macrostachyus","Pennisetum mezzianum","light","","","","","no rain","full","light","","","8","4","","","","","","","8","","","","","","","","","DSCN2507"
"0","2203","2256","Mpala.North","","0.482913156","36.84354778","2021","6","4","11","19","","Equus","grevyi","alive","","Adult","Walking","","brown with some green","Pennisetum mezzianum","Pennisetum stramineum","Cynodon plectostachyus","light","","Elephant","","","no rain","full","light","","","6","4","","","","","","","6","","","","","","","","","DSCN2509"
"0","2257","2260","Mpala.North","","0.470724828","36.84041488","2021","6","4","11","28","","Equus","quagga","alive","","Adult","Walking","< belly","brown with some green","Enteropogon macrostachyus","Cynodon plectostachyus","Cenchrus ciliaris","medium","","Impala","","","no rain","full","no wind","","","1","4","","","","","","","1","","","","","","","","","DSCN2509"
"1","2261","2293","Mpala.North","","0.47000135","36.83922024","2021","6","4","11","38","","Equus","quagga","alive","","Adult","Grazing","< belly","green with some brown","Enteropogon macrostachyus","Pennisetum mezzianum","Cenchrus ciliaris","medium","","Impala","","","no rain","full","light","","","7","4","","","","7","","","","","","","","","","","","DSCN2509"
"1","2261","2293","Mpala.North","","0.47000135","36.83922024","2021","6","4","11","38","","Equus","grevyi","alive","","Adult","Grazing","< belly","green with some brown","Enteropogon macrostachyus","Pennisetum mezzianum","Cenchrus ciliaris","medium","","Impala","","","no rain","full","light","","","3","4","","","","3","","","","","","","","","","","","DSCN2509"
"0","2294","2330","Mpala.North","Soing'ash Dam Area ","0.469732218","36.83658387","2021","6","4","11","48","","Equus","quagga","alive","","Adult","Walking","< belly","green with some brown","Pennisetum stramineum","Pennisetum mezzianum","Enteropogon macrostachyus","medium","","","","","no rain","full","light","","","8","4","","","","","","","8","","","","","","","","","DSCN2510"
"0","2331","2348","Mpala.North","","0.450930767","36.84259335","2021","6","4","12","3","","Equus","quagga","alive","","Adult","Walking","< belly","brown with some green","Themeda triandra","Pennisetum mezzianum","Cynodon plectostachyus","thick","","Elephant"," Oryx","","no rain","full","no wind","","","12","3","","","","","","","12","","","","","","","","","DSCN2510"
"0","2349","2377","Mpala.North","","0.466200303","36.84099728","2021","6","4","12","15","","Equus","quagga","alive","","Adult","Standing","< hock","green with some brown","Pennisetum mezzianum","Cynodon nlemfuensis","Enteropogon macrostachyus","medium","","","","","no rain","full","light","","","7","4","","","","","","7","","","","","","","","","","DSCN2510"
"0","2378","2393","Mpala.North","Soing'ash Dam Area ","0.468424706","36.84108245","2021","6","4","12","21","","Equus","grevyi","alive","","Adult","Grazing","< belly","green with some brown","Pennisetum mezzianum","Pennisetum stramineum","Themeda triandra","medium","","","","","no rain","full","light","","","3","4","","","","3","","","","","","","","","","","","DSCN2511"
"0","2394","2402","Mpala.North","Soing'ash Dam Area ","0.47868424","36.84296581","2021","6","4","12","27","","Equus","grevyi","alive","","Adult","Standing","< hoof","brown with some green","Cynodon plectostachyus","Pennisetum stramineum","","light","","Impala","","","no rain","full","medium","","","2","3","","","","","","2","","","","","","","","","","DSCN2511"
"0","2403","2403","Mpala.North","Rongai Area","0.473806177","36.84896161","2021","6","4","12","34","","Equus","quagga","alive","","Adult","Walking","< hock","brown with some green","Cynodon nlemfuensis","Pennisetum mezzianum","Pennisetum stramineum","light","","","","","no rain","full","light","","","1","4","","","","","","","1","","","","","","","","","DSCN2511"
"0","2404","2459","Mpala.North","Rongai Area","0.466227576","36.8506015","2021","6","4","12","44","","Equus","quagga","alive","","Adult","Standing","< hoof","","Cenchrus ciliaris","Pennisetum mezzianum","Digitaria macroblefara","medium","","Impala","","","no rain","full","light","","","18","4","","","","","","18","","","","","","","","","","DSCN2512"
"1","2460","2490","Mpala.North","","0.462679441","36.84788225","2021","6","4","12","51","","Equus","quagga","alive","","Adult","Grazing","< belly","green with some brown","Cynodon nlemfuensis","Bothriochloa insculpta","Chloris roxburghiana","medium","","Giraffe","","","no rain","full","no wind","","","10","4","","","","10","","","","","","","","","","","","DSCN2512"
"1","2460","2490","Mpala.North","","0.462679441","36.84788225","2021","6","4","12","51","","Equus","grevyi","alive","","Adult","Grazing","< belly","green with some brown","Cynodon nlemfuensis","Bothriochloa insculpta","Chloris roxburghiana","medium","","Giraffe","","","no rain","full","no wind","","","1","4","","","","1","","","","","","","","","","","","DSCN2512"
"0","2519","2558","Mpala.North","Loitoiporeki Area ","0.469817537","36.85597013","2021","6","7","11","0","","Equus","quagga","alive","","Adult","Grazing","< hock","brown with some green","Themeda triandra","Enteropogon macrostachyus","Bothriochloa insculpta","medium","","","","","no rain","full","light","","","10","4","","","","10","","","","","","","","","","","","DSCN2744"
"0","2559","2572","Mpala.North","Rongai Area (Old Boma 2019)","0.463384325","36.84910361","2021","6","7","11","33","","Equus","quagga","alive","","Adult","Standing","< hoof","brown with some green","Pennisetum mezzianum","Cynodon plectostachyus","Eragrostis tenuifolia","medium","","Impala","","","no rain","full","light","","","6","4","","","","","","6","","","","","","","","","","DSCN2744"
"0","2573","2602","Mpala.North","Rongai Area (Old Boma 2019)","0.462712747","36.84819748","2021","6","7","11","56","","Equus","quagga","alive","","Adult","Grazing","< hock","brown with some green","Cenchrus ciliaris","Cynodon plectostachyus","Microchloa kunthii","medium","","","","","no rain","full","medium","","","9","4","","","","9","","","","","","","","","","","","DSCN2744"
"0","2603","2640","Mpala.North","Nairoshi Area","0.469371946","36.85240759","2021","6","7","12","13","","Equus","grevyi","alive","","Adult","Grazing","< belly","brown with some green","Cymbopogon pospischilii","Cenchrus ciliaris","Bothriochloa insculpta","medium","","Eland","","","no rain","full","light","","","8","4","","","","8","","","","","","","","","","","","DSCN2745"
"0","2641","2650","Mpala.North","Lolakirding Area","0.46055664","36.83395197","2021","6","7","12","58","","Equus","quagga","alive","","Adult","Grazing","< belly","green with some brown","Cenchrus ciliaris","Microchloa kunthii","Cynodon plectostachyus","medium","","Giraffe"," Impala","","no rain","full","light","","","2","4","","","","2","","","","","","","","","","","","DSCN2745"
"0","2651","2661","Mpala.North","Lolakirding Area","0.466059446","36.83595656","2021","6","7","13","3","","Equus","grevyi","alive","","Adult","Walking","< hock","green with some brown","Microchloa kunthii","Cenchrus ciliaris","Pennisetum stramineum","medium","","","","","no rain","full","light","","","3","4","","","","","","","3","","","","","","","","","DSCN2745"
"0","2662","2678","Mpala.North","Ngaremata Dam Area ","0.470322378","36.83921785","2021","6","7","13","14","","Equus","quagga","alive","","Adult","Grazing","< belly","brown with some green","Eragrostis racemosa","Pennisetum stramineum","Pennisetum mezzianum","medium","","","","","no rain","full","light","","","8","4","","","","8","","","","","","","","","","","","DSCN2746"
"0","2679","2687","Mpala.North","Ngaremata Dam Area ","0.482998215","36.82700266","2021","6","7","13","26","","Equus","grevyi","alive","","Adult","Standing","< hock","brown with some green","Pennisetum stramineum","Cynodon plectostachyus","Microchloa kunthii","medium","","","","","no rain","full","medium","","","2","4","","","","","","2","","","","","","","","","","DSCN2746"
"0","2688","2739","Mpala.North","Lolakirding Area","0.460702646","36.83262721","2021","6","7","14","4","","Equus","grevyi","alive","","Adult","Grazing","< hock","brown with some green","Cenchrus ciliaris","Cynodon plectostachyus","Microchloa kunthii","medium","","Impala","","","no rain","full","light","","","9","4","","","","9","","","","","","","","","","","","DSCN2746"
"0","2762","2799","Mpala.North","","0.468179402","36.85649734","2021","6","11","10","49","","Equus","quagga","alive","","Adult","Grazing","< hock","green with some brown","Cynodon plectostachyus","Pennisetum stramineum","Pennisetum mezzianum","medium","","Impala","","","no rain","full","light","","","15","3","","","","15","","","","","","","","","","","","DSCN6467"
"0","2800","2820","Mpala.North","","0.487034912","36.83918047","2021","6","11","11","12","","Equus","quagga","alive","","Adult","Standing","< hoof","brown with some green","Cynodon plectostachyus","Cynodon nlemfuensis","Pennisetum stramineum","light","","Giraffe","","","no rain","full","light","","","8","4","","","","","","8","","","","","","","","","","DSCN6467"
"0","2821","2835","Mpala.North","","0.493316713","36.83986356","2021","6","11","11","16","","Equus","grevyi","alive","","Adult","Walking","< hoof","brown","Cynodon nlemfuensis","Pennisetum stramineum","","medium","","Oryx","","","no rain","full","light","","","2","2","","","","","","","2","","","","","","","","","DSCN6467"
"1","2836","2868","Mpala.North","","0.506908785","36.84485621","2021","6","11","11","35","","Equus","grevyi","alive","","Adult","Walking","< hoof","brown with some green","Cynodon nlemfuensis","Cynodon plectostachyus","Pennisetum stramineum","open grassland","","","","","no rain","full","light","","","8","3","","","","","","","8","","","","","","","","","DSCN6468"
"1","2836","2868","Mpala.North","","0.506908785","36.84485621","2021","6","11","11","35","","Equus","quagga","alive","","Adult","Walking","< hoof","brown with some green","Cynodon nlemfuensis","Cynodon plectostachyus","Pennisetum stramineum","open grassland","","","","","no rain","full","light","","","4","3","","","","","","","4","","","","","","","","","DSCN6468"
"1","2869","2888","Mpala.North","","0.501219762","36.85362203","2021","6","11","11","46","","Equus","quagga","alive","","Adult","Grazing","< hoof","green with some brown","Cynodon plectostachyus","Cynodon nlemfuensis","","light","","","","","no rain","full","light","","","8","2","","","","8","","","","","","","","","","","","DSCN6468"
"1","2869","2888","Mpala.North","","0.501219762","36.85362203","2021","6","11","11","46","","Equus","grevyi","alive","","Adult","Grazing","< hoof","green with some brown","Cynodon plectostachyus","Cynodon nlemfuensis","","light","","","","","no rain","full","light","","","4","2","","","","4","","","","","","","","","","","","DSCN6468"
"0","2889","2902","Mpala.North","","0.4996549","36.85290731","2021","6","11","11","51","","Equus","quagga","alive","","Adult","Resting","< hoof","brown with some green","Cynodon nlemfuensis","","","open grassland","","Impala","","","no rain","full","light","","","10","1","","","","","","","","","","","","","10","","","DSCN6469"
"0","2904","2910","Mpala.North","","0.469275261","36.85893522","2021","6","12","9","29","","Equus","quagga","alive","","Adult","Walking","< hoof","brown with some green","Cynodon plectostachyus","Eragrostis racemosa","Eragrostis tenuifolia","light","","","","","no rain","full","light","","","3","3","","","","","","","3","","","","","","","","","DSCN6473"
"0","2911","2976","Mpala.North","","0.481999607","36.86130672","2021","6","12","9","36","","Equus","grevyi","alive","","Adult","Grazing","< hoof","brown","Cynodon plectostachyus","Themeda triandra","Pennisetum stramineum","light","","Impala","","","no rain","full","light","","","8","3","","","","8","","","","","","","","","","","","DSCN6473"
"0","2977","3015","Mpala.North","","0.494588851","36.85550559","2021","6","12","9","48","","Equus","grevyi","alive","","Adult","","","","Cynodon plectostachyus","Cyperus teneristolon","Themeda triandra","light","","","","","no rain","full","light","","","8","4","","","","","","","","","","","","","","","","DSCN6474"
"0","3016","3034","Mpala.North","","0.499494302","36.85235698","2021","6","12","9","57","","Equus","quagga","alive","","Adult","Resting","< hoof","brown with some green","Cynodon plectostachyus","Pennisetum stramineum","","open grassland","","","","","no rain","part","light","","","8","2","","","","","","","","","","","","","8","","","DSCN6474"
"0","3017","3072","Mpala.North","","0.502229636","36.84822441","2021","6","12","10","0","","Equus","quagga","alive","","Adult","Grazing","< hoof","brown","Themeda triandra","Cynodon dactylon","Eragrostis tenuifolia","light","","Giraffe","","","no rain","part","light","","","8","4","","","","8","","","","","","","","","","","","DSCN6474"
"0","3037","3138","Mpala.North","","0.494827","36.84305705","2021","6","12","10","11","","Equus","grevyi","alive","","Adult","Walking","","brown with some green","","","","light","","","","","no rain","part","light","","","19","0","","","","","","","19","","","","","","","","","DSCN6475"
"0","3139","3147","Mpala.North","","0.494827","36.84305705","2021","6","12","10","11","","Equus","quagga","alive","","Adult","Walking","","brown with some green","","","","light","","","","","no rain","part","light","","","6","0","","","","","","","6","","","","","","","","","DSCN6475"
"0","3148","3163","Mpala.North","","0.491920776","36.83810894","2021","6","12","10","24","","Equus","grevyi","alive","","Adult","Grazing","< hock","","Pennisetum stramineum","Cynodon plectostachyus","Cynodon nlemfuensis","open grassland","","Impala","","","no rain","full","no wind","","","5","4","","","","5","","","","","","","","","","","","DSCN6475"
"0","3164","3175","Mpala.North","","0.482766878","36.83849898","2021","6","12","10","32","","Equus","grevyi","alive","","Adult","","","","","","","","","","","","","","","","","3","0","","","","","","","","","","","","","","","","DSCN6476"
"0","3176","3195","Mpala.North","Rongai Area","0.463730569","36.8360119","2021","6","12","10","57","","Equus","grevyi","alive","","Adult","Grazing","< belly","brown with some green","Cynodon plectostachyus","Pennisetum mezzianum","Eragrostis tenuifolia","medium","","Impala"," Oryx","","no rain","full","light","","","5","4","","","","5","","","","","","","","","","","","DSCN3247"
"0","3196","3204","Mpala.North","Soing'ash Dam Area ","0.453275435","36.84151147","2021","6","12","11","58","","Equus","quagga","alive","","Adult","Standing","< hock","brown with some green","Pennisetum mezzianum","Cynodon plectostachyus","Pennisetum stramineum","light","","Elephant","","","no rain","full","no wind","","","5","3","","","","","","5","","","","","","","","","","DSCN3248"
"1","3255","3270","Mpala.North","","-0.00314585","36.86070222","2021","6","17","10","46","","Equus","grevyi","alive","","Adult","Walking","< hoof","brown","Cynodon plectostachyus","Cynodon nlemfuensis","Pennisetum stramineum","light","","","","","no rain","full","light","","","2","3","","","","","","","2","","","","","","","","","DSCN7997"
"1","3255","3270","Mpala.North","","-0.00314585","36.86070222","2021","6","17","10","46","","Equus","quagga","alive","","Adult","Walking","< hoof","brown","Cynodon plectostachyus","Cynodon nlemfuensis","Pennisetum stramineum","light","","","","","no rain","full","light","","","3","3","","","","","","","3","","","","","","","","","DSCN7997"
"1","3271","3329","Mpala.North","","0.485345348","36.85832857","2021","6","17","11","0","","Equus","quagga","alive","","Adult","Grazing","< hoof","green with some brown","Cynodon plectostachyus","Cynodon nlemfuensis","Pennisetum stramineum","medium","","","","","no rain","full","light","","","35","4","","","","35","","","","","","","","","","","","DSCN7997"
"1","3330","3343","Mpala.North","","0.485345348","36.85832857","2021","6","17","11","0","","Equus","grevyi","alive","","Adult","Grazing","< hoof","green with some brown","Cynodon plectostachyus","Cynodon nlemfuensis","Pennisetum stramineum","medium","","","","","no rain","full","light","","","1","4","","","","1","","","","","","","","","","","","DSCN7997"
"0","3366","3367","Mpala.North","","-0.002622434","36.85607725","2021","6","17","12","12","","Equus","grevyi","alive","","Adult","Standing","< hoof","brown","Cynodon nlemfuensis","Pennisetum stramineum","Cynodon plectostachyus","open grassland","","","","","no rain","full","light","","","1","4","","","","","","1","","","","","","","","","","DSCN7997"
"0","3368","3409","Mpala.North","","0.495867459","36.85341515","2021","6","17","12","18","","Equus","quagga","alive","","Adult","Grazing","< hoof","brown with some green","Pennisetum stramineum","Cynodon nlemfuensis","Microchloa kunthii","light","","","","","no rain","full","light","","","22","4","","","","22","","","","","","","","","","","","DSCN7998"
"0","3410","3441","Mpala.North","","0.49890006","36.85149937","2021","6","17","12","40","","Equus","grevyi","alive","","Adult","Resting","< hoof","brown","Cynodon plectostachyus","Cynodon nlemfuensis","Pennisetum stramineum","medium","","","","","no rain","full","light","","","5","3","","","","","","","","","","","","","5","","","DSCN7998"
"0","3442","3445","Mpala.North","","0.481106358","36.84576039","2021","6","17","13","45","","Equus","grevyi","alive","","Adult","Walking","< hoof","brown","Cynodon plectostachyus","Pennisetum stramineum","Cyperus rubicundus","open grassland","","","","","no rain","full","light","","","1","3","","","","","","","1","","","","","","","","","DSCN8005"
"1","3446","3458","Mpala.North","","0.478605384","36.8441942","2021","6","17","14","7","","Equus","grevyi","alive","","Adult","Resting","< hoof","brown","Cynodon plectostachyus","Cynodon nlemfuensis","","open grassland","","Elephant","","","no rain","full","light","","","3","2","","","","","","","","","","","","","3","","","DSCN8005"
"1","3446","3458","Mpala.North","","0.478605384","36.8441942","2021","6","17","14","7","","Equus","quagga","alive","","Adult","Resting","< hoof","brown","Cynodon plectostachyus","Cynodon nlemfuensis","","open grassland","","Elephant","","","no rain","full","light","","","5","2","","","","","","","","","","","","","5","","","DSCN8005"
"0","3459","3464","Mpala.North","","0.463599599","36.85093968","2021","6","17","14","48","","Equus","quagga","alive","","Adult","Grazing","< hoof","brown with some green","Pennisetum stramineum","Enteropogon macrostachyus","","medium","","","","","no rain","full","light","","","5","2","","","","5","","","","","","","","","","","","DSCN8005"
"0","3475","3499","Mpala.North","","0.476327475","36.85975704","2021","6","18","10","18","","Equus","quagga","alive","","Adult","Resting","< hoof","brown","Cynodon plectostachyus","Pennisetum stramineum","Digitaria macroblefara","light","","","","","no rain","full","no wind","","","7","4","","","","","","","","","","","","","7","","","DSCN7111"
"0","3500","3514","Mpala.North","DSCN3510 collared","0.480382894","36.86146569","2021","6","18","10","26","","Equus","quagga","alive","","Adult","Resting","","brown","Cyperus rubicundus","Cynodon plectostachyus","Microchloa kunthii","light","","Impala","","","no rain","full","no wind","","","5","4","","","","","","","","","","","","","5","","","DSCN7111"
"1","3515","3530","Mpala.North","","0.499592772","36.85476823","2021","6","18","10","41","","Equus","grevyi","alive","","Adult","Grazing","< hoof","brown","Enteropogon macrostachyus","Pennisetum stramineum","Pennisetum mezzianum","light","","Impala","","","no rain","full","no wind","","","6","4","","","","6","","","","","","","","","","","","DSCN7112"
"1","3515","3530","Mpala.North","","0.499592772","36.85476823","2021","6","18","10","41","","Equus","quagga","alive","","Adult","Grazing","< hoof","brown","Enteropogon macrostachyus","Pennisetum stramineum","Pennisetum mezzianum","light","","Impala","","","no rain","full","no wind","","","2","4","","","","2","","","","","","","","","","","","DSCN7112"
"","3515","3530","Mpala.North","","0.499592772","36.85476823","2021","6","18","10","41","","Equus","Cattle","alive","","Adult","Grazing","< hoof","brown","Enteropogon macrostachyus","Pennisetum stramineum","Pennisetum mezzianum","light","","Impala","","","no rain","full","no wind","","","300","4","","","","300","","","","","","","","","","","","DSCN7112"
"0","3531","3537","Mpala.North","","0.48732613","36.84671643","2021","6","18","11","10","","Equus","grevyi","alive","","Adult","Walking","< hoof","brown","Cynodon plectostachyus","Pennisetum stramineum","Microchloa kunthii","light","","","","","no rain","full","no wind","","","1","4","","","","","","","1","","","","","","","","","DSCN7112"
"1","3538","3555","Mpala.North","","0.46701693","36.8402486","2021","6","21","10","53","","Equus","grevyi","alive","","Adult","Grazing","< hock","brown","Pennisetum stramineum","Enteropogon macrostachyus","Pennisetum mezzianum","light","","","","","no rain","part","no wind","","","1","4","","","","1","","","","","","","","","","","","DSCN3627"
"1","3538","3555","Mpala.North","","0.46701693","36.8402486","2021","6","21","10","53","","Equus","quagga","alive","","Adult","Grazing","< hock","brown","Pennisetum stramineum","Enteropogon macrostachyus","Pennisetum mezzianum","light","","","","","no rain","part","no wind","","","7","4","","","","7","","","","","","","","","","","","DSCN3627"
"1","3556","3604","Mpala.North","","0.470712417","36.83985874","2021","6","21","11","36","","Equus","grevyi","alive","","Adult","Grazing","< hoof","brown","Pennisetum stramineum","Enteropogon macrostachyus","Cynodon plectostachyus","light","","Giraffe","","","no rain","part","light","","","5","4","","","","5","","","","","","","","","","","","DSCN3627"
"1","3556","3604","Mpala.North","","0.470712417","36.83985874","2021","6","21","11","36","","Equus","quagga","alive","","Adult","Grazing","< hoof","brown","Pennisetum stramineum","Enteropogon macrostachyus","Cynodon plectostachyus","light","","Giraffe","","","no rain","part","light","","","4","4","","","","4","","","","","","","","","","","","DSCN3627"
"0","3605","3610","Mpala.North","","0.483614058","36.84230352","2021","6","21","11","49","","Equus","quagga","alive","","Adult","Walking","< hoof","brown","Pennisetum stramineum","Cynodon plectostachyus","Eragrostis tenuifolia","light","","","","","no rain","part","no wind","","","1","4","","","","","","","1","","","","","","","","","DSCN3628"
"0","3611","3621","Mpala.North","","0.454465578","36.84203038","2021","6","21","12","53","","Equus","grevyi","alive","","Adult","Grazing","< hoof","brown","Pennisetum mezzianum","Cynodon plectostachyus","Pennisetum stramineum","light","","Elephant","","","no rain","full","light","","","2","4","","","","2","","","","","","","","","","","","DSCN3628"
"0","5625","5642","Mpala.North","","0.476369231","36.86187213","2021","6","7","10","25","","Equus","grevyi","alive","","Adult","Grazing","< hoof","green with some brown","Cymbopogon pospischilii","Pennisetum stramineum","Cynodon nlemfuensis","light","","Cattle","","","no rain","full","light","","","5","3","","","","5","","","","","","","","","","","","DSCN2754"
"1","5643","5746","Mpala.North","","0.499373496","36.85224601","2021","6","7","11","10","","Equus","grevyi","alive","","Adult","Grazing","< hoof","green with some brown","Cynodon dactylon","Cynodon nlemfuensis","Pennisetum stramineum","open grassland","","","","","no rain","full","light","","","21","3","","","","21","","","","","","","","","","","","DSCN2754"
"1","5643","5746","Mpala.North","","0.499373496","36.85224601","2021","6","7","11","10","","Equus","quagga","alive","","Adult","Grazing","< hoof","green with some brown","Cynodon dactylon","Cynodon nlemfuensis","Pennisetum stramineum","open grassland","","","","","no rain","full","light","","","16","3","","","","16","","","","","","","","","","","","DSCN2754"
"0","5747","5775","Mpala.North","","0.500721663","36.85005174","2021","6","7","11","31","","Equus","quagga","alive","","Adult","Walking","< hoof","green with some brown","Cynodon nlemfuensis","Cynodon plectostachyus","Enteropogon macrostachyus","medium","","Elephant","","","no rain","full","no wind","","","8","4","","","","","","","8","","","","","","","","","DSCN2754"
"0","5775","5786","Mpala.North","","0.487940379","34.74379547","2021","6","7","11","58","","Equus","quagga","alive","","Adult","Grazing","< hock","brown with some green","Cenchrus ciliaris","Pennisetum stramineum","Pennisetum mezzianum","medium","","","","","no rain","full","light","","","5","4","","","","5","","","","","","","","","","","","DSCN2757"
"0","5787","5794","Mpala.North","","0.480635235","36.84473683","2021","6","7","12","9","","Equus","grevyi","alive","","Adult","Drinking","< hoof","green with some brown","Cenchrus ciliaris","Cynodon dactylon","Pennisetum mezzianum","open grassland","","Warthog","","","no rain","full","light","","","1","4","","","","","","","","","1","","","","","","","DSCN2757"
"0","5795","5813","Mpala.North","","0.481029653","36.84618201","2021","6","7","12","16","","Equus","quagga","alive","","Adult","Resting","< hoof","green with some brown","Cynodon plectostachyus","Cenchrus ciliaris","Bothriochloa insculpta","light","","","","","no rain","full","no wind","","","7","3","","","","","","","","","","","","","7","","","DSCN2757"
"0","5814","5825","Mpala.North","","0.492809851","36.84799289","2021","6","7","12","26","","Equus","quagga","alive","","Adult","Standing","< hoof","green with some brown","Cynodon dactylon","Eragrostis tenuifolia","Aristida adscensionis","open grassland","","","","","no rain","full","light","","","6","3","","","","","","6","","","","","","","","","","DSCN2755"
"0","5845","5844","Mpala.North","","0.488408154","36.85745372","2021","6","7","12","49","","Equus","quagga","alive","","Adult","Grazing","< hoof","brown with some green","Eragrostis tenuifolia","Pennisetum stramineum","Cynodon nlemfuensis","open grassland","","","","","no rain","full","light","","","6","3","","","","6","","","","","","","","","","","","DSCN2755"
"0","5845","5854","Mpala.North","","0.486544831","36.84900169","2021","6","7","12","29","","Equus","grevyi","alive","","Adult","Resting","< hoof","brown with some green","Cynodon nlemfuensis","Cynodon dactylon","","open grassland","","Eland","","","no rain","full","light","","","1","2","","","","","","","","","","","","","1","","","DSCN2755"
"0","5855","5867","Mpala.North","","0.481563793","36.84589527","2021","6","7","13","18","","Equus","grevyi","alive","","Adult","Walking","< hoof","green with some brown","Cynodon dactylon","Cynodon plectostachyus","Pennisetum stramineum","medium","","","","","no rain","full","light","","","8","3","","","","","","","8","","","","","","","","","DSCN2758"
"1","5868","5924","Mpala.North","","0.447381873","36.84068739","2021","6","8","9","51","","Equus","quagga","alive","","Adult","Grazing","< hock","brown with some green","Pennisetum mezzianum","Pennisetum stramineum","Cynodon plectostachyus","medium","","Giraffe","","","no rain","full","no wind","","","14","4","","","","14","","","","","","","","","","","","DSCN6080"
"1","5868","5924","Mpala.North","","0.447381873","36.84068739","2021","6","8","9","51","","Equus","grevyi","alive","","Adult","Grazing","< hock","brown with some green","Pennisetum mezzianum","Pennisetum stramineum","Cynodon plectostachyus","medium","","Giraffe","","","no rain","full","no wind","","","3","4","","","","3","","","","","","","","","","","","DSCN6080"
"0","5925","5945","Mpala.North","","0.460881632","36.83240176","2021","6","8","10","25","","Equus","quagga","alive","","Adult","Grazing","< hock","brown with some green","Pennisetum stramineum","Chloris roxburghiana","Cynodon nlemfuensis","medium","","Impala","","","no rain","full","light","","","9","4","","","","9","","","","","","","","","","","","DSCN6080"
"0","5946","5959","Mpala.North","","0.478885207","36.84279846","2021","6","8","10","51","","Equus","grevyi","alive","","Adult","Standing","< hoof","brown","Cynodon plectostachyus","Pennisetum stramineum","Pennisetum mezzianum","open grassland","","","","","no rain","full","medium","","","4","4","","","","","","4","","","","","","","","","","DSCN6080"
"0","5960","5974","Mpala.North","","0.451053681","36.84328489","2021","6","8","11","6","","Equus","quagga","alive","","Adult","Walking","< hock","brown with some green","Cynodon plectostachyus","Pennisetum mezzianum","Cynodon dactylon","medium","","Warthog","","","no rain","full","light","","","6","4","","","","","","","6","","","","","","","","","DSCN6081"
"0","5975","5991","Mpala.North","Rongai Area","0.46289419","36.85023041","2021","6","8","11","26","","Equus","quagga","alive","","Adult","Grazing","< hock","green with some brown","Cenchrus ciliaris","Pennisetum mezzianum","Pennisetum stramineum","light","","Elephant","","","no rain","full","medium","","","7","4","","","","7","","","","","","","","","","","","DSCN6081"
"0","5992","6017","Mpala.North","","0.469643126","36.85229486","2021","6","8","11","36","","Equus","quagga","alive","","Adult","Resting","< belly","brown with some green","Pennisetum mezzianum","Cynodon plectostachyus","Pennisetum stramineum","","","","","","no rain","full","light","","","6","4","","","","","","","","","","","","","6","","","DSCN6081"
"0","6018","6074","Mpala.North","","0.46977749","36.8540047","2021","6","8","11","42","","Equus","quagga","alive","","Adult","Grazing","< belly","green with some brown","Cenchrus ciliaris","Pennisetum mezzianum","Pennisetum stramineum","medium","","Eland","","","no rain","full","medium","","","14","4","","","","14","","","","","","","","","","","","DSCN6082"
"1","6083","6106","Mpala.North","","0.469912579","36.85792599","2021","6","9","9","52","","Equus","quagga","alive","","Adult","Grazing","< hock","green with some brown","Pennisetum stramineum","Pennisetum mezzianum","Enteropogon macrostachyus","medium","","","","","no rain","full","light","","","4","4","","","","4","","","","","","","","","","","","DSCN6198"
"1","6083","6106","Mpala.North","","0.469912579","36.85792599","2021","6","9","9","52","","Equus","grevyi","alive","","Adult","Grazing","< hock","green with some brown","Pennisetum stramineum","Pennisetum mezzianum","Enteropogon macrostachyus","medium","","","","","no rain","full","light","","","12","4","","","","12","","","","","","","","","","","","DSCN6198"
"0","6107","6123","Mpala.North","","0.478847062","36.86111532","2021","6","9","10","9","","Equus","grevyi","alive","","Adult","Grazing","< hoof","brown with some green","Cynodon nlemfuensis","Chloris roxburghiana","Pennisetum mezzianum","light","","Elephant","","","no rain","full","medium","","","1","4","","","","1","","","","","","","","","","","","DSCN6198"
"0","6124","6134","Mpala.North","","0.496834321","36.85184016","2021","6","9","10","19","","Equus","grevyi","alive","","Adult","Grazing","","","Cynodon plectostachyus","Eragrostis tenuifolia","Eragrostis superba","light","","Eland","","","no rain","full","medium","","","3","4","","","","3","","","","","","","","","","","","DSCN6198"
"0","6135","6186","Mpala.North","","0.497810044","36.84302495","2021","6","9","10","40","","Equus","grevyi","alive","","Adult","Grazing","< hoof","green","Cenchrus ciliaris","Cynodon nlemfuensis","Cynodon plectostachyus","light","","Impala","","","no rain","full","light","","","16","4","","","","16","","","","","","","","","","","","DSCN6199"
"0","6187","6197","Mpala.North","","0.498814734","36.85239056","2021","6","9","11","1","","Equus","grevyi","alive","","Adult","Standing","< hoof","brown with some green","Cynodon plectostachyus","Digitaria macroblefara","Cenchrus ciliaris","light","","","","","no rain","full","medium","","","1","4","","","","","","1","","","","","","","","","","DSCN6199"
"1","6221","6282","Mpala.North","","0.496590633","36.85310846","2021","6","10","10","59","","Equus","quagga","alive","","Adult","Grazing","< hock","green with some brown","Pennisetum stramineum","Cyperus","Pennisetum mezzianum","light","","Eland","","","no rain","full","medium","","","16","4","","","","16","","","","","","","","","","","","DSCN6458"
"1","6221","6282","Mpala.North","","0.496590633","36.85310846","2021","6","10","10","59","","Equus","grevyi","alive","","Adult","Grazing","< hock","green with some brown","Pennisetum stramineum","Cyperus","Pennisetum mezzianum","light","","Eland","","","no rain","full","medium","","","1","4","","","","1","","","","","","","","","","","","DSCN6458"
"0","6283","6373","Mpala.North","","0.502432442","36.84585911","2021","6","10","11","31","","Equus","grevyi","alive","","Adult","Walking","< hoof","brown with some green","Cynodon nlemfuensis","Aristida adscensionis","Cynodon dactylon","light","","Elephant"," Impala","","no rain","full","light","","","18","4","","","","","","","18","","","","","","","","","DSCN6458"
"0","6374","6409","Mpala.North","","0.472681757","36.86037898","2021","6","10","12","13","","Equus","quagga","alive","","Adult","Standing","< hoof","green with some brown","Cymbopogon pospischilii","Pennisetum stramineum","Pennisetum mezzianum","open grassland","","","","","no rain","part","light","","","9","3","","","","","","9","","","","","","","","","","DSCN6459"
"0","6537","6559","Mpala.North","","0.490336834","36.85639804","2021","6","14","10","28","","Equus","quagga","alive","","Adult","Walking","< hoof","green with some brown","Cynodon nlemfuensis","Cenchrus ciliaris","Pennisetum stramineum","light","","","","","no rain","full","light","","","3","3","","","","","","","3","","","","","","","","","DSCN3240"
"0","6560","6568","Mpala.North","","0.498643185","36.85111727","2021","6","14","10","50","","Equus","grevyi","alive","","Adult","Standing","< hoof","green with some brown","Cynodon nlemfuensis","Cynodon plectostachyus","Microchloa kunthii","open grassland","","Eland","","","no rain","full","light","","","2","3","","","","","","2","","","","","","","","","","DSCN3240"
"1","6569","6650","Mpala.North","","0.499494043","36.85384736","2021","6","14","11","6","","Equus","grevyi","alive","","Adult","Walking","< hoof","brown with some green","Cynodon plectostachyus","Cynodon nlemfuensis","Enteropogon macrostachyus","light","","","","","no rain","full","light","","","13","3","","","","","","","13","","","","","","","","","DSCN3240"
"1","6569","6650","Mpala.North","","0.499494043","36.85384736","2021","6","14","11","6","","Equus","quagga","alive","","Adult","Walking","< hoof","brown with some green","Cynodon plectostachyus","Cynodon nlemfuensis","Enteropogon macrostachyus","light","","","","","no rain","full","light","","","25","3","","","","","","","25","","","","","","","","","DSCN3240"
"0","6660","6666","Mpala.North","","0.484150921","36.84095579","2021","6","14","11","51","","Equus","quagga","alive","","Adult","Walking","< hoof","brown with some green","Pennisetum stramineum","Cynodon nlemfuensis","Pennisetum mezzianum","medium","","","","","no rain","full","light","","","3","4","","","","","","","3","","","","","","","","","DSCN3241"
"0","6667","6675","Mpala.North","","0.49978708","36.84819117","2021","6","14","12","3","","Equus","grevyi","alive","","Adult","Walking","< hoof","green with some brown","Cynodon nlemfuensis","Pennisetum stramineum","Pennisetum mezzianum","medium","","","","","no rain","full","light","","","4","4","","","","","","","4","","","","","","","","","DSCN3241"
"1","6676","6734","Mpala.North","","0.504463916","36.85544916","2021","6","14","12","23","","Equus","grevyi","alive","","Adult","Grazing","< hoof","green with some brown","Cynodon nlemfuensis","Cynodon dactylon","","open grassland","","","","","no rain","full","light","","","14","2","","","","14","","","","","","","","","","","","DSCN3242"
"1","6676","6734","Mpala.North","","0.504463916","36.85544916","2021","6","14","12","23","","Equus","quagga","alive","","Adult","Grazing","< hoof","green with some brown","Cynodon nlemfuensis","Cynodon dactylon","","open grassland","","","","","no rain","full","light","","","13","2","","","","13","","","","","","","","","","","","DSCN3242"
"0","6735","6743","Mpala.North","","0.485098745","36.85043008","2021","6","14","12","50","","Equus","grevyi","alive","","Adult","Resting","< hoof","green with some brown","Cynodon plectostachyus","","","open grassland","","","","","no rain","full","light","","","1","1","","","","","","","","","","","","","1","","","DSCN3242"
"0","6744","6761","Mpala.North","","0.482810944","36.85981999","2021","6","15","9","34","","Equus","quagga","alive","","Adult","Walking","< hoof","brown","Cynodon plectostachyus","Pennisetum stramineum","Cyperus","light","","Eland"," Giraffe","","no rain","full","no wind","","","6","4","","","","","","","6","","","","","","","","","DSCN6973"
"1","6745","6874","Mpala.North","","0.496988257","36.85154497","2021","6","15","9","56","","Equus","grevyi","alive","","Adult","Walking","< hoof","brown","Pennisetum stramineum","Cynodon plectostachyus","Eragrostis tenuifolia","light","","Impala","","","no rain","full","no wind","","","5","4","","","","","","","5","","","","","","","","","DSCN6973"
"1","6745","6874","Mpala.North","","0.496988257","36.85154497","2021","6","15","9","56","","Equus","quagga","alive","","Adult","Walking","< hoof","brown","Pennisetum stramineum","Cynodon plectostachyus","Eragrostis tenuifolia","light","","Impala","","","no rain","full","no wind","","","47","4","","","","","","","47","","","","","","","","","DSCN6973"
"0","6875","6877","Mpala.North","","0.495705957","36.84342744","2021","6","15","10","13","","Equus","grevyi","alive","","Adult","Walking","< belly","green with some brown","Chloris roxburghiana","Pennisetum stramineum","Pennisetum mezzianum","medium","","Impala","","","no rain","full","light","","","2","4","","","","","","","2","","","","","","","","","DSCN6974"
"0","6878","6905","Mpala.North","","0.493172361","36.84788146","2021","6","15","10","45","","Equus","quagga","alive","","Adult","Walking","< hoof","brown","Cynodon plectostachyus","Pennisetum stramineum","Chloris roxburghiana","medium","","","","","no rain","full","no wind","","","11","4","","","","","","","11","","","","","","","","","DSCN6974"
"0","6906","6962","Mpala.North","","0.499025815","36.84902968","2021","6","15","11","4","","Equus","grevyi","alive","","Adult","Walking","< hoof","brown","Cynodon plectostachyus","Chloris roxburghiana","Pennisetum stramineum","light","","","","","no rain","full","no wind","","","13","4","","","","","","","13","","","","","","","","","DSCN6975"
"","6906","6962","Mpala.North","","0.499025815","36.84902968","2021","6","15","11","4","","Equus","Cattle","alive","","Adult","Walking","< hoof","brown","Cynodon plectostachyus","Chloris roxburghiana","Pennisetum stramineum","light","","","","","no rain","full","no wind","","","150","4","","","","","","","150","","","","","","","","","DSCN6975"
"0","6963","6971","Mpala.North","","0.49365844","36.85341138","2021","6","15","11","15","","Equus","grevyi","alive","","Adult","Walking","< hock","green with some brown","Pennisetum mezzianum","Pennisetum stramineum","Enteropogon macrostachyus","medium","","Impala","","","no rain","full","medium","","","2","4","","","","","","","2","","","","","","","","","DSCN6975"
"0","6976","6992","Mpala.North","","0.461936139","36.83563783","2021","6","16","10","4","","Equus","quagga","alive","","Adult","Grazing","< hock","brown","Cymbopogon pospischilii","Digitaria macroblefara","Heteropogon contortus","light","","Giraffe","","","no rain","full","no wind","","","8","4","","","","8","","","","","","","","","","","","DSCN7375"
"0","6992","7023","Mpala.North","","0.474922977","36.84245038","2021","6","16","10","36","","Equus","grevyi","alive","","Adult","Walking","< hock","brown","Cenchrus ciliaris","Chloris roxburghiana","Eragrostis tenuifolia","light","","Giraffe","","","no rain","part","light","","","11","4","","","","","","","11","","","","","","","","","DSCN7375"
"0","7024","7124","Mpala.North","","0.476837941","36.84171448","2021","6","16","10","58","","Equus","grevyi","alive","","Adult","Resting","< hoof","brown","Enteropogon macrostachyus","Pennisetum stramineum","Eragrostis tenuifolia","light","","","","","no rain","part","no wind","","","13","4","","","","","","","","","","","","","13","","","DSCN7375"
"1","7125","7166","Mpala.North","","0.479435281","36.84292658","2021","6","16","11","8","","Equus","grevyi","alive","","Adult","Grazing","< hoof","brown","Pennisetum stramineum","Pennisetum mezzianum","Cynodon plectostachyus","light","","","","","no rain","part","light","","","3","4","","","","3","","","","","","","","","","","","DSCN7376"
"1","7125","7166","Mpala.North","","0.479435281","36.84292658","2021","6","16","11","8","","Equus","quagga","alive","","Adult","Grazing","< hoof","brown","Pennisetum stramineum","Pennisetum mezzianum","Cynodon plectostachyus","light","","","","","no rain","part","light","","","13","4","","","","13","","","","","","","","","","","","DSCN7376"
"0","7167","7170","Mpala.North","","0.462980719","36.84841126","2021","6","16","11","23","","Equus","quagga","alive","","Adult","Walking","< hoof","brown","Pennisetum stramineum","Pennisetum mezzianum","Eragrostis racemosa","light","","Impala","","","no rain","part","no wind","","","2","4","","","","","","","2","","","","","","","","","DSCN7376"
"0","7171","7176","Mpala.North","","0.450641962","36.84426864","2021","6","16","11","33","","Equus","grevyi","alive","","Adult","Grazing","< hock","brown","Pennisetum mezzianum","Pennisetum stramineum","Cynodon plectostachyus","light","","","","","no rain","part","no wind","","","1","4","","","","1","","","","","","","","","","","","DSCN7376"
"0","7177","7210","Mpala.North","","0.47823054","36.85956712","2021","6","16","11","59","","Equus","quagga","alive","","Adult","Grazing","< hoof","brown","Pennisetum stramineum","Cynodon dactylon","Cynodon plectostachyus","light","","","","","no rain","part","no wind","","","13","4","","","","13","","","","","","","","","","","","DSCN7378"
"0","7211","7216","Mpala.North","","0.496944089","36.85408539","2021","6","16","12","10","","Equus","quagga","alive","","Adult","Resting","< hoof","brown","Cynodon plectostachyus","Eragrostis tenuifolia","Chloris roxburghiana","light","","","","","no rain","part","no wind","","","4","3","","","","","","","","","","","","","4","","","DSCN7378"
"1","7217","7267","Mpala.North","","0.506569265","36.8427715","2021","6","16","12","33","","Equus","grevyi","alive","","Adult","Grazing","< hock","brown","Pennisetum stramineum","Pennisetum mezzianum","Cynodon plectostachyus","light","","Elephant","","","no rain","part","no wind","","","8","4","","","","8","","","","","","","","","","","","DSCN7379"
"1","7217","7267","Mpala.North","","0.506569265","36.8427715","2021","6","16","12","33","","Equus","quagga","alive","","Adult","Grazing","< hock","brown","Pennisetum stramineum","Pennisetum mezzianum","Cynodon plectostachyus","light","","Elephant","","","no rain","part","no wind","","","21","4","","","","21","","","","","","","","","","","","DSCN7379"
"0","7268","7278","Mpala.North","","0.502497602","36.842789","2021","6","16","12","45","","Equus","grevyi","alive","","Adult","Standing","< hoof","brown","Cynodon plectostachyus","Cynodon dactylon","Eragrostis tenuifolia","light","","","","","no rain","part","no wind","","","2","4","","","","","","2","","","","","","","","","","DSCN7379"
"0","7278","7310","Mpala.North","","0.494742247","36.84913502","2021","6","16","12","57","","Equus","quagga","alive","","Adult","Walking","< hoof","brown","Cynodon plectostachyus","Eragrostis tenuifolia","Chloris roxburghiana","light","","","","","no rain","part","no wind","","","13","4","","","","","","","13","","","","","","","","","DSCN7380"
"1","7311","7357","Mpala.North","","0.489298872","36.84842902","2021","6","16","13","3","","Equus","quagga","alive","","Adult","Standing","< hoof","brown","Cyperus teneristolon","Cynodon plectostachyus","Chloris virgata","light","","","","","no rain","part","no wind","","","16","4","","","","","","16","","","","","","","","","","DSCN7380"
"1","7311","7357","Mpala.North","","0.489298872","36.84842902","2021","6","16","13","3","","Equus","grevyi","alive","","Adult","Standing","< hoof","brown","Cyperus teneristolon","Cynodon plectostachyus","Chloris virgata","light","","","","","no rain","part","no wind","","","1","4","","","","","","1","","","","","","","","","","DSCN7380"
"0","7358","7374","Mpala.North","","0.453489833","36.85927947","2021","6","16","13","26","","Equus","grevyi","alive","","Adult","Resting","< hock","brown","Pennisetum stramineum","Pennisetum mezzianum","Chloris roxburghiana","medium","","","","","no rain","part","no wind","","","3","4","","","","","","","","","","","","","3","","","DSCN7381"
"0","7564","7584","Mpala.North","","0.478802341","36.84667688","2021","6","18","10","46","","Equus","grevyi","alive","","Adult","Grazing","< hoof","brown with some green","Cynodon plectostachyus","Cynodon nlemfuensis","Pennisetum stramineum","light","","","","","no rain","full","light","","","5","3","","","","5","","","","","","","","","","","","DSCN7109"
"0","7585","7600","Mpala.North","","0.478525048","36.84778555","2021","6","18","10","54","","Equus","grevyi","alive","","Adult","Walking","< hoof","green with some brown","Cynodon dactylon","Pennisetum stramineum","Cynodon nlemfuensis","medium","","","","","no rain","full","light","","","9","4","","","","","","","9","","","","","","","","","DSCN7109"
"0","7601","7608","Mpala.North","Looking sick and emaciated","0.467659731","36.85018788","2021","6","18","11","10","","Equus","grevyi","alive","","Adult","Grazing","< hock","brown","Pennisetum stramineum","Pennisetum mezzianum","Microchloa kunthii","medium","","","","","no rain","full","light","","","1","4","","","","1","","","","","","","","","","","","DSCN7110"
"0","7609","7613","Mpala.North","","0.479303033","36.86117933","2021","6","21","10","8","","Equus","quagga","alive","","Adult","Walking","< hoof","brown","Pennisetum stramineum","Cynodon nlemfuensis","Microchloa kunthii","medium","","","","","no rain","no sun","light","","","8","3","","","","","","","8","","","","","","","","","DSCN7107"
"1","7614","7662","Mpala.North","","0.483049598","36.86025661","2021","6","21","10","20","","Equus","grevyi","alive","","Adult","Grazing","< hoof","brown","Cynodon plectostachyus","Pennisetum stramineum","Microchloa kunthii","light","","Oryx","","","no rain","full","light","","","12","3","","","","12","","","","","","","","","","","","DSCN7107"
"1","7614","7662","Mpala.North","","0.483049598","36.86025661","2021","6","21","10","20","","Equus","quagga","alive","","Adult","Grazing","< hoof","brown","Cynodon plectostachyus","Pennisetum stramineum","Microchloa kunthii","light","","Oryx","","","no rain","full","light","","","8","3","","","","8","","","","","","","","","","","","DSCN7107"
"0","7663","7689","Mpala.North","","0.488250397","36.8572875","2021","6","21","10","51","","Equus","quagga","alive","","Adult","Standing","< hoof","brown","Pennisetum mezzianum","Pennisetum stramineum","Cynodon plectostachyus","light","","","","","no rain","full","light","","","30","4","","","","","","30","","","","","","","","","","DSCN7108"
